medicine_name,uses
Acarbose,"This medicine is used to treat and manage specific health conditions.
It works by affecting certain processes in the body to reduce symptoms.
It helps improve overall health and well-being."
Ace,"This medicine is used to treat and manage specific health conditions.
It works by affecting certain processes in the body to reduce symptoms.
It helps improve overall health and well-being."
Aceclofenac,"This medicine is used to treat and manage specific health conditions.
It works by affecting certain processes in the body to reduce symptoms.
It helps improve overall health and well-being."
Aceta,"This medicine is used to treat and manage specific health conditions.
It works by affecting certain processes in the body to reduce symptoms.
It helps improve overall health and well-being."
Aclidinium,"This medicine is used to treat and manage specific health conditions.
It works by affecting certain processes in the body to reduce symptoms.
It helps improve overall health and well-being."
Albendazole,"This medicine is used to treat and manage specific health conditions.
It works by affecting certain processes in the body to reduce symptoms.
It helps improve overall health and well-being."
Alogliptin,"This medicine is used to manage type 2 diabetes.
It helps control blood sugar levels by improving insulin action.
It also helps prevent complications related to diabetes."
Alprazolam,"This medicine is used to treat and manage specific health conditions.
It works by affecting certain processes in the body to reduce symptoms.
It helps improve overall health and well-being."
Alatrol,"This medicine is used to treat and manage specific health conditions.
It works by affecting certain processes in the body to reduce symptoms.
It helps improve overall health and well-being."
Aminophylline,"This medicine is used to treat and manage specific health conditions.
It works by affecting certain processes in the body to reduce symptoms.
It helps improve overall health and well-being."
Amitriptyline,"This medicine is used to treat and manage specific health conditions.
It works by affecting certain processes in the body to reduce symptoms.
It helps improve overall health and well-being."
Amlodipine,"This medicine is used to treat high blood pressure.
It helps relax blood vessels and improves blood flow.
This reduces the risk of heart attacks, strokes, and kidney problems."
Amodis,"This medicine is used to treat and manage specific health conditions.
It works by affecting certain processes in the body to reduce symptoms.
It helps improve overall health and well-being."
Ampicillin,"This antibiotic is used to treat infections caused by bacteria.
It works by stopping the growth and spread of harmful bacteria in the body.
It helps in relieving symptoms such as fever, pain, and swelling."
Amoxicillin,"This antibiotic is used to treat infections caused by bacteria.
It works by stopping the growth and spread of harmful bacteria in the body.
It helps in relieving symptoms such as fever, pain, and swelling."
Apixaban,"This medicine is used to prevent blood clots.
It helps improve blood flow through the blood vessels.
It reduces the risk of stroke and heart attack."
Aripiprazole,"This medicine is used to treat acidity and stomach ulcers.
It reduces the amount of acid produced in the stomach.
It helps relieve symptoms such as heartburn and indigestion."
Artemether,"This medicine is used to treat and manage specific health conditions.
It works by affecting certain processes in the body to reduce symptoms.
It helps improve overall health and well-being."
Aspirin,"This medicine is used to treat and manage specific health conditions.
It works by affecting certain processes in the body to reduce symptoms.
It helps improve overall health and well-being."
AspirinLowDose,"This medicine is used to treat and manage specific health conditions.
It works by affecting certain processes in the body to reduce symptoms.
It helps improve overall health and well-being."
Atorvastatin,"This medicine is used to lower cholesterol levels in the blood.
It helps reduce the risk of heart diseases.
It works by blocking the production of harmful cholesterol in the body."
Atovaquone,"This medicine is used to treat and manage specific health conditions.
It works by affecting certain processes in the body to reduce symptoms.
It helps improve overall health and well-being."
Atenolol,"This medicine is used to treat high blood pressure.
It helps relax blood vessels and improves blood flow.
This reduces the risk of heart attacks, strokes, and kidney problems."
Atrizin,"This medicine is used to treat and manage specific health conditions.
It works by affecting certain processes in the body to reduce symptoms.
It helps improve overall health and well-being."
Augmentin,"This medicine is used to treat and manage specific health conditions.
It works by affecting certain processes in the body to reduce symptoms.
It helps improve overall health and well-being."
Axodin,"This medicine is used to treat and manage specific health conditions.
It works by affecting certain processes in the body to reduce symptoms.
It helps improve overall health and well-being."
Az,"This medicine is used to treat and manage specific health conditions.
It works by affecting certain processes in the body to reduce symptoms.
It helps improve overall health and well-being."
Azathioprine,"This medicine is used to treat and manage specific health conditions.
It works by affecting certain processes in the body to reduce symptoms.
It helps improve overall health and well-being."
Azithromycin,"This antibiotic is used to treat infections caused by bacteria.
It works by stopping the growth and spread of harmful bacteria in the body.
It helps in relieving symptoms such as fever, pain, and swelling."
AzithromycinBase,"This antibiotic is used to treat infections caused by bacteria.
It works by stopping the growth and spread of harmful bacteria in the body.
It helps in relieving symptoms such as fever, pain, and swelling."
Azithrocin,"This medicine is used to treat and manage specific health conditions.
It works by affecting certain processes in the body to reduce symptoms.
It helps improve overall health and well-being."
Azyth,"This medicine is used to treat and manage specific health conditions.
It works by affecting certain processes in the body to reduce symptoms.
It helps improve overall health and well-being."
Bacaid,"This medicine is used to treat and manage specific health conditions.
It works by affecting certain processes in the body to reduce symptoms.
It helps improve overall health and well-being."
Backtone,"This medicine is used to treat and manage specific health conditions.
It works by affecting certain processes in the body to reduce symptoms.
It helps improve overall health and well-being."
Baclofen,"This medicine is used to treat and manage specific health conditions.
It works by affecting certain processes in the body to reduce symptoms.
It helps improve overall health and well-being."
Baclon,"This medicine is used to treat and manage specific health conditions.
It works by affecting certain processes in the body to reduce symptoms.
It helps improve overall health and well-being."
Bacmax,"This medicine is used to treat and manage specific health conditions.
It works by affecting certain processes in the body to reduce symptoms.
It helps improve overall health and well-being."
Beclomethasone,"This medicine is used to treat and manage specific health conditions.
It works by affecting certain processes in the body to reduce symptoms.
It helps improve overall health and well-being."
Beklo,"This medicine is used to treat and manage specific health conditions.
It works by affecting certain processes in the body to reduce symptoms.
It helps improve overall health and well-being."
Biotin,"This supplement helps treat or prevent vitamin deficiencies in the body.
It supports normal growth, metabolism, and immune system function.
It also helps maintain overall health and energy levels."
Bicozin,"This medicine is used to treat and manage specific health conditions.
It works by affecting certain processes in the body to reduce symptoms.
It helps improve overall health and well-being."
Bisoprolol,"This medicine is used to treat high blood pressure.
It helps relax blood vessels and improves blood flow.
This reduces the risk of heart attacks, strokes, and kidney problems."
Budesonide,"This medicine is used to treat and manage specific health conditions.
It works by affecting certain processes in the body to reduce symptoms.
It helps improve overall health and well-being."
Bupropion,"This medicine is used to treat and manage specific health conditions.
It works by affecting certain processes in the body to reduce symptoms.
It helps improve overall health and well-being."
CalciumCarbonate,"This medicine is used to treat or prevent mineral deficiencies.
It helps in maintaining healthy bones, blood cells, and body functions.
It also supports muscle strength and immune health."
CalciumCitrate,"This medicine is used to treat or prevent mineral deficiencies.
It helps in maintaining healthy bones, blood cells, and body functions.
It also supports muscle strength and immune health."
Candesartan,"This medicine is used to treat high blood pressure.
It helps relax blood vessels and improves blood flow.
This reduces the risk of heart attacks, strokes, and kidney problems."
Canazole,"This medicine is used to treat and manage specific health conditions.
It works by affecting certain processes in the body to reduce symptoms.
It helps improve overall health and well-being."
Captopril,"This medicine is used to treat high blood pressure.
It helps relax blood vessels and improves blood flow.
This reduces the risk of heart attacks, strokes, and kidney problems."
Carbamazepine,"This medicine is used to treat and manage specific health conditions.
It works by affecting certain processes in the body to reduce symptoms.
It helps improve overall health and well-being."
Carvedilol,"This medicine is used to treat and manage specific health conditions.
It works by affecting certain processes in the body to reduce symptoms.
It helps improve overall health and well-being."
Cefazolin,"This antibiotic is used to treat infections caused by bacteria.
It works by stopping the growth and spread of harmful bacteria in the body.
It helps in relieving symptoms such as fever, pain, and swelling."
Cefepime,"This antibiotic is used to treat infections caused by bacteria.
It works by stopping the growth and spread of harmful bacteria in the body.
It helps in relieving symptoms such as fever, pain, and swelling."
Cefixime,"This antibiotic is used to treat infections caused by bacteria.
It works by stopping the growth and spread of harmful bacteria in the body.
It helps in relieving symptoms such as fever, pain, and swelling."
Cefpodoxime,"This antibiotic is used to treat infections caused by bacteria.
It works by stopping the growth and spread of harmful bacteria in the body.
It helps in relieving symptoms such as fever, pain, and swelling."
Ceftriaxone,"This antibiotic is used to treat infections caused by bacteria.
It works by stopping the growth and spread of harmful bacteria in the body.
It helps in relieving symptoms such as fever, pain, and swelling."
Ceftazidime,"This antibiotic is used to treat infections caused by bacteria.
It works by stopping the growth and spread of harmful bacteria in the body.
It helps in relieving symptoms such as fever, pain, and swelling."
Cefuroxime,"This antibiotic is used to treat infections caused by bacteria.
It works by stopping the growth and spread of harmful bacteria in the body.
It helps in relieving symptoms such as fever, pain, and swelling."
Cetirizine,"This medicine is used to treat and manage specific health conditions.
It works by affecting certain processes in the body to reduce symptoms.
It helps improve overall health and well-being."
Cetisoft,"This medicine is used to treat and manage specific health conditions.
It works by affecting certain processes in the body to reduce symptoms.
It helps improve overall health and well-being."
Chloramphenicol,"This medicine is used to treat and manage specific health conditions.
It works by affecting certain processes in the body to reduce symptoms.
It helps improve overall health and well-being."
Chloroquine,"This medicine is used to treat and manage specific health conditions.
It works by affecting certain processes in the body to reduce symptoms.
It helps improve overall health and well-being."
Ciclesonide,"This medicine is used to treat and manage specific health conditions.
It works by affecting certain processes in the body to reduce symptoms.
It helps improve overall health and well-being."
Cimetidine,"This medicine is used to treat acidity and stomach ulcers.
It reduces the amount of acid produced in the stomach.
It helps relieve symptoms such as heartburn and indigestion."
Ciprofloxacin,"This antibiotic is used to treat infections caused by bacteria.
It works by stopping the growth and spread of harmful bacteria in the body.
It helps in relieving symptoms such as fever, pain, and swelling."
Clarithromycin,"This antibiotic is used to treat infections caused by bacteria.
It works by stopping the growth and spread of harmful bacteria in the body.
It helps in relieving symptoms such as fever, pain, and swelling."
Clindamycin,"This antibiotic is used to treat infections caused by bacteria.
It works by stopping the growth and spread of harmful bacteria in the body.
It helps in relieving symptoms such as fever, pain, and swelling."
Clomipramine,"This medicine is used to treat and manage specific health conditions.
It works by affecting certain processes in the body to reduce symptoms.
It helps improve overall health and well-being."
Clonazepam,"This medicine is used to manage anxiety and sleep problems.
It works by calming the brain and nerves.
It helps in reducing stress and improving sleep quality."
Clopidogrel,"This medicine is used to prevent blood clots.
It helps improve blood flow through the blood vessels.
It reduces the risk of stroke and heart attack."
Cloxacillin,"This medicine is used to treat and manage specific health conditions.
It works by affecting certain processes in the body to reduce symptoms.
It helps improve overall health and well-being."
Codeine,"This medicine is used to treat and manage specific health conditions.
It works by affecting certain processes in the body to reduce symptoms.
It helps improve overall health and well-being."
Colistin,"This medicine is used to treat and manage specific health conditions.
It works by affecting certain processes in the body to reduce symptoms.
It helps improve overall health and well-being."
Conaz,"This medicine is used to treat and manage specific health conditions.
It works by affecting certain processes in the body to reduce symptoms.
It helps improve overall health and well-being."
Crosin,"This medicine is used to treat and manage specific health conditions.
It works by affecting certain processes in the body to reduce symptoms.
It helps improve overall health and well-being."
Cyanocobalamin,"This medicine is used to treat and manage specific health conditions.
It works by affecting certain processes in the body to reduce symptoms.
It helps improve overall health and well-being."
Cyclosporine,"This medicine is used to treat and manage specific health conditions.
It works by affecting certain processes in the body to reduce symptoms.
It helps improve overall health and well-being."
Dabigatran,"This medicine is used to prevent blood clots.
It helps improve blood flow through the blood vessels.
It reduces the risk of stroke and heart attack."
Dancel,"This medicine is used to treat and manage specific health conditions.
It works by affecting certain processes in the body to reduce symptoms.
It helps improve overall health and well-being."
Denixil,"This medicine is used to treat and manage specific health conditions.
It works by affecting certain processes in the body to reduce symptoms.
It helps improve overall health and well-being."
Desloratadine,"This medicine is used to treat and manage specific health conditions.
It works by affecting certain processes in the body to reduce symptoms.
It helps improve overall health and well-being."
Desvenlafaxine,"This medicine is used to treat and manage specific health conditions.
It works by affecting certain processes in the body to reduce symptoms.
It helps improve overall health and well-being."
Dexamethasone,"This medicine is used to treat and manage specific health conditions.
It works by affecting certain processes in the body to reduce symptoms.
It helps improve overall health and well-being."
Diazepam,"This medicine is used to manage anxiety and sleep problems.
It works by calming the brain and nerves.
It helps in reducing stress and improving sleep quality."
Diclofenac,"This medicine is used to treat and manage specific health conditions.
It works by affecting certain processes in the body to reduce symptoms.
It helps improve overall health and well-being."
Diflu,"This medicine is used to treat and manage specific health conditions.
It works by affecting certain processes in the body to reduce symptoms.
It helps improve overall health and well-being."
Diltiazem,"This medicine is used to treat and manage specific health conditions.
It works by affecting certain processes in the body to reduce symptoms.
It helps improve overall health and well-being."
Dinafex,"This medicine is used to treat and manage specific health conditions.
It works by affecting certain processes in the body to reduce symptoms.
It helps improve overall health and well-being."
Disopan,"This medicine is used to treat and manage specific health conditions.
It works by affecting certain processes in the body to reduce symptoms.
It helps improve overall health and well-being."
Domperidone,"This medicine is used to treat nausea and vomiting.
It works by blocking certain signals in the brain.
It helps improve digestion and reduces discomfort."
Doxepin,"This medicine is used to treat and manage specific health conditions.
It works by affecting certain processes in the body to reduce symptoms.
It helps improve overall health and well-being."
Doxycycline,"This antibiotic is used to treat infections caused by bacteria.
It works by stopping the growth and spread of harmful bacteria in the body.
It helps in relieving symptoms such as fever, pain, and swelling."
Duloxetine,"This medicine is used to treat and manage specific health conditions.
It works by affecting certain processes in the body to reduce symptoms.
It helps improve overall health and well-being."
Enalapril,"This medicine is used to treat high blood pressure.
It helps relax blood vessels and improves blood flow.
This reduces the risk of heart attacks, strokes, and kidney problems."
Ertapenem,"This medicine is used to treat and manage specific health conditions.
It works by affecting certain processes in the body to reduce symptoms.
It helps improve overall health and well-being."
Escitalopram,"This medicine is used to treat and manage specific health conditions.
It works by affecting certain processes in the body to reduce symptoms.
It helps improve overall health and well-being."
Esomeprazole,"This medicine is used to treat acidity and stomach ulcers.
It reduces the amount of acid produced in the stomach.
It helps relieve symptoms such as heartburn and indigestion."
Esonix,"This medicine is used to treat and manage specific health conditions.
It works by affecting certain processes in the body to reduce symptoms.
It helps improve overall health and well-being."
Esoral,"This medicine is used to treat and manage specific health conditions.
It works by affecting certain processes in the body to reduce symptoms.
It helps improve overall health and well-being."
Ethambutol,"This medicine is used to treat and manage specific health conditions.
It works by affecting certain processes in the body to reduce symptoms.
It helps improve overall health and well-being."
Ethosuximide,"This medicine is used to treat and manage specific health conditions.
It works by affecting certain processes in the body to reduce symptoms.
It helps improve overall health and well-being."
Etizin,"This medicine is used to treat and manage specific health conditions.
It works by affecting certain processes in the body to reduce symptoms.
It helps improve overall health and well-being."
Ezetimibe,"This medicine is used to treat and manage specific health conditions.
It works by affecting certain processes in the body to reduce symptoms.
It helps improve overall health and well-being."
Famotidine,"This medicine is used to treat acidity and stomach ulcers.
It reduces the amount of acid produced in the stomach.
It helps relieve symptoms such as heartburn and indigestion."
Fenadin,"This medicine is used to treat and manage specific health conditions.
It works by affecting certain processes in the body to reduce symptoms.
It helps improve overall health and well-being."
Fenofibrate,"This medicine is used to treat and manage specific health conditions.
It works by affecting certain processes in the body to reduce symptoms.
It helps improve overall health and well-being."
Felodipine,"This medicine is used to treat high blood pressure.
It helps relax blood vessels and improves blood flow.
This reduces the risk of heart attacks, strokes, and kidney problems."
Fexofast,"This medicine is used to treat and manage specific health conditions.
It works by affecting certain processes in the body to reduce symptoms.
It helps improve overall health and well-being."
Fexo,"This medicine is used to treat and manage specific health conditions.
It works by affecting certain processes in the body to reduce symptoms.
It helps improve overall health and well-being."
FexofenadineBase,"This medicine is used to treat and manage specific health conditions.
It works by affecting certain processes in the body to reduce symptoms.
It helps improve overall health and well-being."
Filmet,"This medicine is used to treat and manage specific health conditions.
It works by affecting certain processes in the body to reduce symptoms.
It helps improve overall health and well-being."
Fixal,"This medicine is used to treat and manage specific health conditions.
It works by affecting certain processes in the body to reduce symptoms.
It helps improve overall health and well-being."
Flamyd,"This medicine is used to treat and manage specific health conditions.
It works by affecting certain processes in the body to reduce symptoms.
It helps improve overall health and well-being."
Fluconazole,"This medicine is used to treat and manage specific health conditions.
It works by affecting certain processes in the body to reduce symptoms.
It helps improve overall health and well-being."
Flucloxacillin,"This medicine is used to treat and manage specific health conditions.
It works by affecting certain processes in the body to reduce symptoms.
It helps improve overall health and well-being."
Fluoxetine,"This medicine is used to treat and manage specific health conditions.
It works by affecting certain processes in the body to reduce symptoms.
It helps improve overall health and well-being."
Fluphenazine,"This medicine is used to treat and manage specific health conditions.
It works by affecting certain processes in the body to reduce symptoms.
It helps improve overall health and well-being."
Fluticasone,"This medicine is used to treat and manage specific health conditions.
It works by affecting certain processes in the body to reduce symptoms.
It helps improve overall health and well-being."
Fluvastatin,"This medicine is used to lower cholesterol levels in the blood.
It helps reduce the risk of heart diseases.
It works by blocking the production of harmful cholesterol in the body."
Flugal,"This medicine is used to treat and manage specific health conditions.
It works by affecting certain processes in the body to reduce symptoms.
It helps improve overall health and well-being."
Flexibac,"This medicine is used to treat and manage specific health conditions.
It works by affecting certain processes in the body to reduce symptoms.
It helps improve overall health and well-being."
Flexilax,"This medicine is used to treat and manage specific health conditions.
It works by affecting certain processes in the body to reduce symptoms.
It helps improve overall health and well-being."
FolicAcid,"This supplement helps treat or prevent vitamin deficiencies in the body.
It supports normal growth, metabolism, and immune system function.
It also helps maintain overall health and energy levels."
Fosfomycin,"This antibiotic is used to treat infections caused by bacteria.
It works by stopping the growth and spread of harmful bacteria in the body.
It helps in relieving symptoms such as fever, pain, and swelling."
Gabapentin,"This medicine is used to treat and manage specific health conditions.
It works by affecting certain processes in the body to reduce symptoms.
It helps improve overall health and well-being."
Gemfibrozil,"This medicine is used to treat and manage specific health conditions.
It works by affecting certain processes in the body to reduce symptoms.
It helps improve overall health and well-being."
Gliclazide,"This medicine is used to manage type 2 diabetes.
It helps control blood sugar levels by improving insulin action.
It also helps prevent complications related to diabetes."
Glimepiride,"This medicine is used to manage type 2 diabetes.
It helps control blood sugar levels by improving insulin action.
It also helps prevent complications related to diabetes."
Glyburide,"This medicine is used to manage type 2 diabetes.
It helps control blood sugar levels by improving insulin action.
It also helps prevent complications related to diabetes."
Granisetron,"This medicine is used to treat nausea and vomiting.
It works by blocking certain signals in the brain.
It helps improve digestion and reduces discomfort."
Haloperidol,"This medicine is used to treat and manage specific health conditions.
It works by affecting certain processes in the body to reduce symptoms.
It helps improve overall health and well-being."
Heparin,"This medicine is used to prevent blood clots.
It helps improve blood flow through the blood vessels.
It reduces the risk of stroke and heart attack."
Hydralazine,"This medicine is used to treat and manage specific health conditions.
It works by affecting certain processes in the body to reduce symptoms.
It helps improve overall health and well-being."
Hydrocortisone,"This medicine is used to treat and manage specific health conditions.
It works by affecting certain processes in the body to reduce symptoms.
It helps improve overall health and well-being."
Hydroxychloroquine,"This medicine is used to treat and manage specific health conditions.
It works by affecting certain processes in the body to reduce symptoms.
It helps improve overall health and well-being."
Imipenem,"This medicine is used to treat and manage specific health conditions.
It works by affecting certain processes in the body to reduce symptoms.
It helps improve overall health and well-being."
Imipramine,"This medicine is used to treat and manage specific health conditions.
It works by affecting certain processes in the body to reduce symptoms.
It helps improve overall health and well-being."
Indomethacin,"This medicine is used to treat and manage specific health conditions.
It works by affecting certain processes in the body to reduce symptoms.
It helps improve overall health and well-being."
InsulinAspart,"This medicine is used to manage diabetes by helping control blood sugar levels in the body.
It works by allowing glucose to enter the body’s cells for energy use.
This helps in preventing complications related to high blood sugar."
InsulinDetemir,"This medicine is used to manage diabetes by helping control blood sugar levels in the body.
It works by allowing glucose to enter the body’s cells for energy use.
This helps in preventing complications related to high blood sugar."
InsulinGlargine,"This medicine is used to manage diabetes by helping control blood sugar levels in the body.
It works by allowing glucose to enter the body’s cells for energy use.
This helps in preventing complications related to high blood sugar."
InsulinLispro,"This medicine is used to manage diabetes by helping control blood sugar levels in the body.
It works by allowing glucose to enter the body’s cells for energy use.
This helps in preventing complications related to high blood sugar."
InsulinRegular,"This medicine is used to manage diabetes by helping control blood sugar levels in the body.
It works by allowing glucose to enter the body’s cells for energy use.
This helps in preventing complications related to high blood sugar."
IodineSolution,"This medicine is used to treat and manage specific health conditions.
It works by affecting certain processes in the body to reduce symptoms.
It helps improve overall health and well-being."
Ipratropium,"This medicine is used to treat and manage specific health conditions.
It works by affecting certain processes in the body to reduce symptoms.
It helps improve overall health and well-being."
Irbesartan,"This medicine is used to treat high blood pressure.
It helps relax blood vessels and improves blood flow.
This reduces the risk of heart attacks, strokes, and kidney problems."
IronFumarate,"This medicine is used to treat or prevent mineral deficiencies.
It helps in maintaining healthy bones, blood cells, and body functions.
It also supports muscle strength and immune health."
IronGluconate,"This medicine is used to treat or prevent mineral deficiencies.
It helps in maintaining healthy bones, blood cells, and body functions.
It also supports muscle strength and immune health."
IronSulphate,"This medicine is used to treat or prevent mineral deficiencies.
It helps in maintaining healthy bones, blood cells, and body functions.
It also supports muscle strength and immune health."
IronSucrose,"This medicine is used to treat or prevent mineral deficiencies.
It helps in maintaining healthy bones, blood cells, and body functions.
It also supports muscle strength and immune health."
Isoniazid,"This medicine is used to treat and manage specific health conditions.
It works by affecting certain processes in the body to reduce symptoms.
It helps improve overall health and well-being."
Ivermectin,"This medicine is used to treat and manage specific health conditions.
It works by affecting certain processes in the body to reduce symptoms.
It helps improve overall health and well-being."
Ketocon,"This medicine is used to treat and manage specific health conditions.
It works by affecting certain processes in the body to reduce symptoms.
It helps improve overall health and well-being."
Ketoral,"This medicine is used to treat and manage specific health conditions.
It works by affecting certain processes in the body to reduce symptoms.
It helps improve overall health and well-being."
Ketorolac,"This medicine is used to treat and manage specific health conditions.
It works by affecting certain processes in the body to reduce symptoms.
It helps improve overall health and well-being."
Ketotab,"This medicine is used to treat and manage specific health conditions.
It works by affecting certain processes in the body to reduce symptoms.
It helps improve overall health and well-being."
Ketozol,"This medicine is used to treat and manage specific health conditions.
It works by affecting certain processes in the body to reduce symptoms.
It helps improve overall health and well-being."
Labetalol,"This medicine is used to treat and manage specific health conditions.
It works by affecting certain processes in the body to reduce symptoms.
It helps improve overall health and well-being."
Lacosamide,"This medicine is used to treat and manage specific health conditions.
It works by affecting certain processes in the body to reduce symptoms.
It helps improve overall health and well-being."
Lamotrigine,"This medicine is used to treat and manage specific health conditions.
It works by affecting certain processes in the body to reduce symptoms.
It helps improve overall health and well-being."
Lansoprazole,"This medicine is used to treat acidity and stomach ulcers.
It reduces the amount of acid produced in the stomach.
It helps relieve symptoms such as heartburn and indigestion."
Leptic,"This medicine is used to treat and manage specific health conditions.
It works by affecting certain processes in the body to reduce symptoms.
It helps improve overall health and well-being."
Levetiracetam,"This medicine is used to treat and manage specific health conditions.
It works by affecting certain processes in the body to reduce symptoms.
It helps improve overall health and well-being."
Levocetirizine,"This medicine is used to treat and manage specific health conditions.
It works by affecting certain processes in the body to reduce symptoms.
It helps improve overall health and well-being."
Levosalbutamol,"This medicine is used to manage breathing problems like asthma.
It works by relaxing the airways in the lungs.
It helps improve breathing and reduce wheezing."
Levofloxacin,"This antibiotic is used to treat infections caused by bacteria.
It works by stopping the growth and spread of harmful bacteria in the body.
It helps in relieving symptoms such as fever, pain, and swelling."
LevofloxacinTB,"This antibiotic is used to treat infections caused by bacteria.
It works by stopping the growth and spread of harmful bacteria in the body.
It helps in relieving symptoms such as fever, pain, and swelling."
Levothyroxine,"This medicine is used to treat and manage specific health conditions.
It works by affecting certain processes in the body to reduce symptoms.
It helps improve overall health and well-being."
Linezolid,"This medicine is used to treat and manage specific health conditions.
It works by affecting certain processes in the body to reduce symptoms.
It helps improve overall health and well-being."
Linagliptin,"This medicine is used to manage type 2 diabetes.
It helps control blood sugar levels by improving insulin action.
It also helps prevent complications related to diabetes."
Liothyronine,"This medicine is used to treat and manage specific health conditions.
It works by affecting certain processes in the body to reduce symptoms.
It helps improve overall health and well-being."
Lisinopril,"This medicine is used to treat high blood pressure.
It helps relax blood vessels and improves blood flow.
This reduces the risk of heart attacks, strokes, and kidney problems."
Loratadine,"This medicine is used to treat and manage specific health conditions.
It works by affecting certain processes in the body to reduce symptoms.
It helps improve overall health and well-being."
Losartan,"This medicine is used to treat high blood pressure.
It helps relax blood vessels and improves blood flow.
This reduces the risk of heart attacks, strokes, and kidney problems."
Lucan-R,"This medicine is used to treat and manage specific health conditions.
It works by affecting certain processes in the body to reduce symptoms.
It helps improve overall health and well-being."
Lumefantrine,"This medicine is used to treat and manage specific health conditions.
It works by affecting certain processes in the body to reduce symptoms.
It helps improve overall health and well-being."
Lumona,"This medicine is used to treat and manage specific health conditions.
It works by affecting certain processes in the body to reduce symptoms.
It helps improve overall health and well-being."
M-Kast,"This medicine is used to treat and manage specific health conditions.
It works by affecting certain processes in the body to reduce symptoms.
It helps improve overall health and well-being."
MagnesiumOxide,"This medicine is used to treat or prevent mineral deficiencies.
It helps in maintaining healthy bones, blood cells, and body functions.
It also supports muscle strength and immune health."
Maxima,"This medicine is used to treat and manage specific health conditions.
It works by affecting certain processes in the body to reduce symptoms.
It helps improve overall health and well-being."
Maxpro,"This medicine is used to treat and manage specific health conditions.
It works by affecting certain processes in the body to reduce symptoms.
It helps improve overall health and well-being."
Mebendazole,"This medicine is used to treat and manage specific health conditions.
It works by affecting certain processes in the body to reduce symptoms.
It helps improve overall health and well-being."
Meloxicam,"This medicine is used to treat and manage specific health conditions.
It works by affecting certain processes in the body to reduce symptoms.
It helps improve overall health and well-being."
Meropenem,"This medicine is used to treat and manage specific health conditions.
It works by affecting certain processes in the body to reduce symptoms.
It helps improve overall health and well-being."
Metformin,"This medicine is used to manage type 2 diabetes.
It helps control blood sugar levels by improving insulin action.
It also helps prevent complications related to diabetes."
Metoclopramide,"This medicine is used to treat nausea and vomiting.
It works by blocking certain signals in the brain.
It helps improve digestion and reduces discomfort."
Metoprolol,"This medicine is used to treat high blood pressure.
It helps relax blood vessels and improves blood flow.
This reduces the risk of heart attacks, strokes, and kidney problems."
Metronidazole,"This medicine is used to treat and manage specific health conditions.
It works by affecting certain processes in the body to reduce symptoms.
It helps improve overall health and well-being."
Methylprednisolone,"This medicine is used to treat and manage specific health conditions.
It works by affecting certain processes in the body to reduce symptoms.
It helps improve overall health and well-being."
Metsina,"This medicine is used to treat and manage specific health conditions.
It works by affecting certain processes in the body to reduce symptoms.
It helps improve overall health and well-being."
Miglitol,"This medicine is used to treat and manage specific health conditions.
It works by affecting certain processes in the body to reduce symptoms.
It helps improve overall health and well-being."
Midazolam,"This medicine is used to treat and manage specific health conditions.
It works by affecting certain processes in the body to reduce symptoms.
It helps improve overall health and well-being."
Minocycline,"This antibiotic is used to treat infections caused by bacteria.
It works by stopping the growth and spread of harmful bacteria in the body.
It helps in relieving symptoms such as fever, pain, and swelling."
Minoxidil,"This medicine is used to treat and manage specific health conditions.
It works by affecting certain processes in the body to reduce symptoms.
It helps improve overall health and well-being."
Mirtazapine,"This medicine is used to treat and manage specific health conditions.
It works by affecting certain processes in the body to reduce symptoms.
It helps improve overall health and well-being."
Mometasone,"This medicine is used to treat and manage specific health conditions.
It works by affecting certain processes in the body to reduce symptoms.
It helps improve overall health and well-being."
Monas,"This medicine is used to treat and manage specific health conditions.
It works by affecting certain processes in the body to reduce symptoms.
It helps improve overall health and well-being."
Montair,"This medicine is used to manage breathing problems like asthma.
It works by relaxing the airways in the lungs.
It helps improve breathing and reduce wheezing."
Montelukast,"This medicine is used to manage breathing problems like asthma.
It works by relaxing the airways in the lungs.
It helps improve breathing and reduce wheezing."
Montene,"This medicine is used to manage breathing problems like asthma.
It works by relaxing the airways in the lungs.
It helps improve breathing and reduce wheezing."
Montex,"This medicine is used to manage breathing problems like asthma.
It works by relaxing the airways in the lungs.
It helps improve breathing and reduce wheezing."
Morphine,"This medicine is used to treat and manage specific health conditions.
It works by affecting certain processes in the body to reduce symptoms.
It helps improve overall health and well-being."
Moxifloxacin,"This antibiotic is used to treat infections caused by bacteria.
It works by stopping the growth and spread of harmful bacteria in the body.
It helps in relieving symptoms such as fever, pain, and swelling."
Mycophenolate,"This medicine is used to treat and manage specific health conditions.
It works by affecting certain processes in the body to reduce symptoms.
It helps improve overall health and well-being."
Napa,"This medicine is used to treat and manage specific health conditions.
It works by affecting certain processes in the body to reduce symptoms.
It helps improve overall health and well-being."
Napa Extend,"This medicine is used to treat and manage specific health conditions.
It works by affecting certain processes in the body to reduce symptoms.
It helps improve overall health and well-being."
Naproxen,"This medicine is used to treat and manage specific health conditions.
It works by affecting certain processes in the body to reduce symptoms.
It helps improve overall health and well-being."
Nebivolol,"This medicine is used to treat high blood pressure.
It helps relax blood vessels and improves blood flow.
This reduces the risk of heart attacks, strokes, and kidney problems."
Nexcap,"This medicine is used to treat and manage specific health conditions.
It works by affecting certain processes in the body to reduce symptoms.
It helps improve overall health and well-being."
Nexum,"This medicine is used to treat and manage specific health conditions.
It works by affecting certain processes in the body to reduce symptoms.
It helps improve overall health and well-being."
Nicardipine,"This medicine is used to treat high blood pressure.
It helps relax blood vessels and improves blood flow.
This reduces the risk of heart attacks, strokes, and kidney problems."
Niclosamide,"This medicine is used to treat and manage specific health conditions.
It works by affecting certain processes in the body to reduce symptoms.
It helps improve overall health and well-being."
Nidazyl,"This medicine is used to treat and manage specific health conditions.
It works by affecting certain processes in the body to reduce symptoms.
It helps improve overall health and well-being."
Niacin,"This medicine is used to treat and manage specific health conditions.
It works by affecting certain processes in the body to reduce symptoms.
It helps improve overall health and well-being."
Niacinamide,"This medicine is used to treat and manage specific health conditions.
It works by affecting certain processes in the body to reduce symptoms.
It helps improve overall health and well-being."
Nifedipine,"This medicine is used to treat high blood pressure.
It helps relax blood vessels and improves blood flow.
This reduces the risk of heart attacks, strokes, and kidney problems."
Nizatidine,"This medicine is used to treat and manage specific health conditions.
It works by affecting certain processes in the body to reduce symptoms.
It helps improve overall health and well-being."
Nizoder,"This medicine is used to treat and manage specific health conditions.
It works by affecting certain processes in the body to reduce symptoms.
It helps improve overall health and well-being."
Norfloxacin,"This antibiotic is used to treat infections caused by bacteria.
It works by stopping the growth and spread of harmful bacteria in the body.
It helps in relieving symptoms such as fever, pain, and swelling."
Nortriptyline,"This medicine is used to treat and manage specific health conditions.
It works by affecting certain processes in the body to reduce symptoms.
It helps improve overall health and well-being."
Odmon,"This medicine is used to treat and manage specific health conditions.
It works by affecting certain processes in the body to reduce symptoms.
It helps improve overall health and well-being."
Ofloxacin,"This antibiotic is used to treat infections caused by bacteria.
It works by stopping the growth and spread of harmful bacteria in the body.
It helps in relieving symptoms such as fever, pain, and swelling."
Olanzapine,"This medicine is used to treat and manage specific health conditions.
It works by affecting certain processes in the body to reduce symptoms.
It helps improve overall health and well-being."
Olmesartan,"This medicine is used to treat high blood pressure.
It helps relax blood vessels and improves blood flow.
This reduces the risk of heart attacks, strokes, and kidney problems."
Omeprazole,"This medicine is used to treat acidity and stomach ulcers.
It reduces the amount of acid produced in the stomach.
It helps relieve symptoms such as heartburn and indigestion."
Omastin,"This medicine is used to treat and manage specific health conditions.
It works by affecting certain processes in the body to reduce symptoms.
It helps improve overall health and well-being."
Ondansetron,"This medicine is used to treat nausea and vomiting.
It works by blocking certain signals in the brain.
It helps improve digestion and reduces discomfort."
Opton,"This medicine is used to treat and manage specific health conditions.
It works by affecting certain processes in the body to reduce symptoms.
It helps improve overall health and well-being."
Ornidazole,"This medicine is used to treat and manage specific health conditions.
It works by affecting certain processes in the body to reduce symptoms.
It helps improve overall health and well-being."
Oxazepam,"This medicine is used to manage anxiety and sleep problems.
It works by calming the brain and nerves.
It helps in reducing stress and improving sleep quality."
Palonosetron,"This medicine is used to treat nausea and vomiting.
It works by blocking certain signals in the brain.
It helps improve digestion and reduces discomfort."
Pantoprazole,"This medicine is used to treat acidity and stomach ulcers.
It reduces the amount of acid produced in the stomach.
It helps relieve symptoms such as heartburn and indigestion."
Paracetamol,"This medicine is used to treat and manage specific health conditions.
It works by affecting certain processes in the body to reduce symptoms.
It helps improve overall health and well-being."
Paroxetine,"This medicine is used to treat and manage specific health conditions.
It works by affecting certain processes in the body to reduce symptoms.
It helps improve overall health and well-being."
Penicillin,"This antibiotic is used to treat infections caused by bacteria.
It works by stopping the growth and spread of harmful bacteria in the body.
It helps in relieving symptoms such as fever, pain, and swelling."
Phenytoin,"This medicine is used to treat and manage specific health conditions.
It works by affecting certain processes in the body to reduce symptoms.
It helps improve overall health and well-being."
Pioglitazone,"This medicine is used to manage type 2 diabetes.
It helps control blood sugar levels by improving insulin action.
It also helps prevent complications related to diabetes."
Pitavastatin,"This medicine is used to lower cholesterol levels in the blood.
It helps reduce the risk of heart diseases.
It works by blocking the production of harmful cholesterol in the body."
PolymyxinB,"This medicine is used to treat and manage specific health conditions.
It works by affecting certain processes in the body to reduce symptoms.
It helps improve overall health and well-being."
Praziquantel,"This medicine is used to treat and manage specific health conditions.
It works by affecting certain processes in the body to reduce symptoms.
It helps improve overall health and well-being."
Prednisolone,"This medicine is used to treat and manage specific health conditions.
It works by affecting certain processes in the body to reduce symptoms.
It helps improve overall health and well-being."
Primaquine,"This medicine is used to treat and manage specific health conditions.
It works by affecting certain processes in the body to reduce symptoms.
It helps improve overall health and well-being."
Progut,"This medicine is used to treat and manage specific health conditions.
It works by affecting certain processes in the body to reduce symptoms.
It helps improve overall health and well-being."
Proguanil,"This medicine is used to treat and manage specific health conditions.
It works by affecting certain processes in the body to reduce symptoms.
It helps improve overall health and well-being."
Propranolol,"This medicine is used to treat high blood pressure.
It helps relax blood vessels and improves blood flow.
This reduces the risk of heart attacks, strokes, and kidney problems."
Provair,"This medicine is used to treat and manage specific health conditions.
It works by affecting certain processes in the body to reduce symptoms.
It helps improve overall health and well-being."
Pyrazinamide,"This medicine is used to treat and manage specific health conditions.
It works by affecting certain processes in the body to reduce symptoms.
It helps improve overall health and well-being."
Pyridoxine,"This supplement helps treat or prevent vitamin deficiencies in the body.
It supports normal growth, metabolism, and immune system function.
It also helps maintain overall health and energy levels."
Quetiapine,"This medicine is used to treat and manage specific health conditions.
It works by affecting certain processes in the body to reduce symptoms.
It helps improve overall health and well-being."
Quinine,"This medicine is used to treat and manage specific health conditions.
It works by affecting certain processes in the body to reduce symptoms.
It helps improve overall health and well-being."
Rabeprazole,"This medicine is used to treat acidity and stomach ulcers.
It reduces the amount of acid produced in the stomach.
It helps relieve symptoms such as heartburn and indigestion."
Ramipril,"This medicine is used to treat high blood pressure.
It helps relax blood vessels and improves blood flow.
This reduces the risk of heart attacks, strokes, and kidney problems."
Ranitidine,"This medicine is used to treat acidity and stomach ulcers.
It reduces the amount of acid produced in the stomach.
It helps relieve symptoms such as heartburn and indigestion."
Renova,"This medicine is used to treat and manage specific health conditions.
It works by affecting certain processes in the body to reduce symptoms.
It helps improve overall health and well-being."
Rifampicin,"This medicine is used to treat and manage specific health conditions.
It works by affecting certain processes in the body to reduce symptoms.
It helps improve overall health and well-being."
Risperidone,"This medicine is used to treat and manage specific health conditions.
It works by affecting certain processes in the body to reduce symptoms.
It helps improve overall health and well-being."
Ritch,"This medicine is used to treat and manage specific health conditions.
It works by affecting certain processes in the body to reduce symptoms.
It helps improve overall health and well-being."
Rivaroxaban,"This medicine is used to prevent blood clots.
It helps improve blood flow through the blood vessels.
It reduces the risk of stroke and heart attack."
Rivotril,"This medicine is used to treat and manage specific health conditions.
It works by affecting certain processes in the body to reduce symptoms.
It helps improve overall health and well-being."
Romycin,"This antibiotic is used to treat infections caused by bacteria.
It works by stopping the growth and spread of harmful bacteria in the body.
It helps in relieving symptoms such as fever, pain, and swelling."
Rosiglitazone,"This medicine is used to manage type 2 diabetes.
It helps control blood sugar levels by improving insulin action.
It also helps prevent complications related to diabetes."
Rosuvastatin,"This medicine is used to lower cholesterol levels in the blood.
It helps reduce the risk of heart diseases.
It works by blocking the production of harmful cholesterol in the body."
Roxithromycin,"This antibiotic is used to treat infections caused by bacteria.
It works by stopping the growth and spread of harmful bacteria in the body.
It helps in relieving symptoms such as fever, pain, and swelling."
Rozith,"This medicine is used to treat and manage specific health conditions.
It works by affecting certain processes in the body to reduce symptoms.
It helps improve overall health and well-being."
Salbutamol,"This medicine is used to manage breathing problems like asthma.
It works by relaxing the airways in the lungs.
It helps improve breathing and reduce wheezing."
Saxagliptin,"This medicine is used to manage type 2 diabetes.
It helps control blood sugar levels by improving insulin action.
It also helps prevent complications related to diabetes."
Secnidazole,"This medicine is used to treat and manage specific health conditions.
It works by affecting certain processes in the body to reduce symptoms.
It helps improve overall health and well-being."
Sergel,"This medicine is used to treat and manage specific health conditions.
It works by affecting certain processes in the body to reduce symptoms.
It helps improve overall health and well-being."
Sertraline,"This medicine is used to treat and manage specific health conditions.
It works by affecting certain processes in the body to reduce symptoms.
It helps improve overall health and well-being."
Simvastatin,"This medicine is used to lower cholesterol levels in the blood.
It helps reduce the risk of heart diseases.
It works by blocking the production of harmful cholesterol in the body."
Sirolimus,"This medicine is used to treat and manage specific health conditions.
It works by affecting certain processes in the body to reduce symptoms.
It helps improve overall health and well-being."
Sitagliptin,"This medicine is used to manage type 2 diabetes.
It helps control blood sugar levels by improving insulin action.
It also helps prevent complications related to diabetes."
Spiramycin,"This antibiotic is used to treat infections caused by bacteria.
It works by stopping the growth and spread of harmful bacteria in the body.
It helps in relieving symptoms such as fever, pain, and swelling."
Streptomycin,"This antibiotic is used to treat infections caused by bacteria.
It works by stopping the growth and spread of harmful bacteria in the body.
It helps in relieving symptoms such as fever, pain, and swelling."
Sucralfate,"This medicine is used to treat and manage specific health conditions.
It works by affecting certain processes in the body to reduce symptoms.
It helps improve overall health and well-being."
Sulindac,"This medicine is used to treat and manage specific health conditions.
It works by affecting certain processes in the body to reduce symptoms.
It helps improve overall health and well-being."
Tacrolimus,"This medicine is used to treat and manage specific health conditions.
It works by affecting certain processes in the body to reduce symptoms.
It helps improve overall health and well-being."
Tamen,"This medicine is used to treat and manage specific health conditions.
It works by affecting certain processes in the body to reduce symptoms.
It helps improve overall health and well-being."
Telmisartan,"This medicine is used to treat high blood pressure.
It helps relax blood vessels and improves blood flow.
This reduces the risk of heart attacks, strokes, and kidney problems."
Temazepam,"This medicine is used to manage anxiety and sleep problems.
It works by calming the brain and nerves.
It helps in reducing stress and improving sleep quality."
Terbutaline,"This medicine is used to manage breathing problems like asthma.
It works by relaxing the airways in the lungs.
It helps improve breathing and reduce wheezing."
Tetracycline,"This antibiotic is used to treat infections caused by bacteria.
It works by stopping the growth and spread of harmful bacteria in the body.
It helps in relieving symptoms such as fever, pain, and swelling."
Teicoplanin,"This medicine is used to treat and manage specific health conditions.
It works by affecting certain processes in the body to reduce symptoms.
It helps improve overall health and well-being."
Telfast,"This medicine is used to treat and manage specific health conditions.
It works by affecting certain processes in the body to reduce symptoms.
It helps improve overall health and well-being."
Theophylline,"This medicine is used to manage breathing problems like asthma.
It works by relaxing the airways in the lungs.
It helps improve breathing and reduce wheezing."
Thioridazine,"This medicine is used to treat and manage specific health conditions.
It works by affecting certain processes in the body to reduce symptoms.
It helps improve overall health and well-being."
Tinidazole,"This medicine is used to treat and manage specific health conditions.
It works by affecting certain processes in the body to reduce symptoms.
It helps improve overall health and well-being."
Tiotropium,"This medicine is used to manage breathing problems like asthma.
It works by relaxing the airways in the lungs.
It helps improve breathing and reduce wheezing."
Ticagrelor,"This medicine is used to prevent blood clots.
It helps improve blood flow through the blood vessels.
It reduces the risk of stroke and heart attack."
Tolbutamide,"This medicine is used to manage type 2 diabetes.
It helps control blood sugar levels by improving insulin action.
It also helps prevent complications related to diabetes."
Topiramate,"This medicine is used to treat and manage specific health conditions.
It works by affecting certain processes in the body to reduce symptoms.
It helps improve overall health and well-being."
Tramadol,"This medicine is used to treat and manage specific health conditions.
It works by affecting certain processes in the body to reduce symptoms.
It helps improve overall health and well-being."
Tridosil,"This medicine is used to treat and manage specific health conditions.
It works by affecting certain processes in the body to reduce symptoms.
It helps improve overall health and well-being."
Trifluoperazine,"This medicine is used to treat and manage specific health conditions.
It works by affecting certain processes in the body to reduce symptoms.
It helps improve overall health and well-being."
Trilock,"This medicine is used to treat and manage specific health conditions.
It works by affecting certain processes in the body to reduce symptoms.
It helps improve overall health and well-being."
Valproate,"This medicine is used to treat and manage specific health conditions.
It works by affecting certain processes in the body to reduce symptoms.
It helps improve overall health and well-being."
Valsartan,"This medicine is used to treat high blood pressure.
It helps relax blood vessels and improves blood flow.
This reduces the risk of heart attacks, strokes, and kidney problems."
Vancomycin,"This antibiotic is used to treat infections caused by bacteria.
It works by stopping the growth and spread of harmful bacteria in the body.
It helps in relieving symptoms such as fever, pain, and swelling."
Venlafaxine,"This medicine is used to treat and manage specific health conditions.
It works by affecting certain processes in the body to reduce symptoms.
It helps improve overall health and well-being."
Verapamil,"This medicine is used to treat and manage specific health conditions.
It works by affecting certain processes in the body to reduce symptoms.
It helps improve overall health and well-being."
Vifas,"This medicine is used to treat and manage specific health conditions.
It works by affecting certain processes in the body to reduce symptoms.
It helps improve overall health and well-being."
VitaminA,"This supplement helps treat or prevent vitamin deficiencies in the body.
It supports normal growth, metabolism, and immune system function.
It also helps maintain overall health and energy levels."
VitaminB1,"This supplement helps treat or prevent vitamin deficiencies in the body.
It supports normal growth, metabolism, and immune system function.
It also helps maintain overall health and energy levels."
VitaminB2,"This supplement helps treat or prevent vitamin deficiencies in the body.
It supports normal growth, metabolism, and immune system function.
It also helps maintain overall health and energy levels."
VitaminB3,"This supplement helps treat or prevent vitamin deficiencies in the body.
It supports normal growth, metabolism, and immune system function.
It also helps maintain overall health and energy levels."
VitaminB6,"This supplement helps treat or prevent vitamin deficiencies in the body.
It supports normal growth, metabolism, and immune system function.
It also helps maintain overall health and energy levels."
VitaminB9,"This supplement helps treat or prevent vitamin deficiencies in the body.
It supports normal growth, metabolism, and immune system function.
It also helps maintain overall health and energy levels."
VitaminB12,"This supplement helps treat or prevent vitamin deficiencies in the body.
It supports normal growth, metabolism, and immune system function.
It also helps maintain overall health and energy levels."
VitaminC,"This supplement helps treat or prevent vitamin deficiencies in the body.
It supports normal growth, metabolism, and immune system function.
It also helps maintain overall health and energy levels."
VitaminD2,"This supplement helps treat or prevent vitamin deficiencies in the body.
It supports normal growth, metabolism, and immune system function.
It also helps maintain overall health and energy levels."
VitaminD3,"This supplement helps treat or prevent vitamin deficiencies in the body.
It supports normal growth, metabolism, and immune system function.
It also helps maintain overall health and energy levels."
VitaminE,"This supplement helps treat or prevent vitamin deficiencies in the body.
It supports normal growth, metabolism, and immune system function.
It also helps maintain overall health and energy levels."
VitaminK,"This supplement helps treat or prevent vitamin deficiencies in the body.
It supports normal growth, metabolism, and immune system function.
It also helps maintain overall health and energy levels."
Warfarin,"This medicine is used to prevent blood clots.
It helps improve blood flow through the blood vessels.
It reduces the risk of stroke and heart attack."
Zafirlukast,"This medicine is used to treat and manage specific health conditions.
It works by affecting certain processes in the body to reduce symptoms.
It helps improve overall health and well-being."
ZincGluconate,"This medicine is used to treat or prevent mineral deficiencies.
It helps in maintaining healthy bones, blood cells, and body functions.
It also supports muscle strength and immune health."
ZincSulphate,"This medicine is used to treat or prevent mineral deficiencies.
It helps in maintaining healthy bones, blood cells, and body functions.
It also supports muscle strength and immune health."
Ziprasidone,"This medicine is used to treat and manage specific health conditions.
It works by affecting certain processes in the body to reduce symptoms.
It helps improve overall health and well-being."
Zithrin,"This medicine is used to treat and manage specific health conditions.
It works by affecting certain processes in the body to reduce symptoms.
It helps improve overall health and well-being."
Zolpidem,"This medicine is used to manage anxiety and sleep problems.
It works by calming the brain and nerves.
It helps in reducing stress and improving sleep quality."
Zopiclone,"This medicine is used to manage anxiety and sleep problems.
It works by calming the brain and nerves.
It helps in reducing stress and improving sleep quality."
